{"cameraMode":{"drawMode":0,"name":"Shaded","section":"Shading Mode"},"sceneLighting":true,"audioPlay":false,"sceneViewState":{"m_AlwaysRefresh":false,"showFog":true,"showSkybox":true,"showFlares":true,"showImageEffects":true,"showParticleSystems":true,"showVisualEffectGraphs":true,"m_FxEnabled":true},"in2DMode":false,"pivot":{"x":3.2088418006896974,"y":209.0358123779297,"z":-395.6423034667969},"rotation":{"x":0.13292405009269715,"y":0.08644875884056092,"z":-0.011514910496771336,"w":0.9873541593551636},"size":12.12435531616211,"orthographic":false}