{"cameraMode":{"drawMode":0,"name":"Shaded","section":"Shading Mode"},"sceneLighting":false,"audioPlay":false,"sceneViewState":{"m_AlwaysRefresh":false,"showFog":true,"showSkybox":false,"showFlares":true,"showImageEffects":true,"showParticleSystems":true,"showVisualEffectGraphs":true,"m_FxEnabled":true},"in2DMode":false,"pivot":{"x":0.1824215203523636,"y":0.0935252457857132,"z":-0.09429512917995453},"rotation":{"x":0.03667507320642471,"y":0.9336786866188049,"z":-0.34219542145729067,"w":0.0997561514377594},"size":0.44751983880996706,"orthographic":false}